ethnicity,region,total,Age 0 to 4,Age 5 to 7,Age 8 to 9,Age 10 to 14,Age 15,Age 16 to 17,Age 18 to 19,Age 20 to 24,Age 25 to 29,Age 30 to 34,Age 35 to 39,Age 40 to 44,Age 45 to 49,Age 50 to 54,Age 55 to 59,Age 60 to 64,Age 65 to 69,Age 70 to 74,Age 75 to 79,Age 80 to 84,Age 85 and over
All categories: Ethnic group,east,5846965,361269,201093,127419,345453,73398,148076,137223,352974,362643,363808,387651,432514,435701,380369,340626,372566,294329,237064,198778,151359,142652
White: Total,east,5310194,302356,170129,109585,302661,64820,130962,120400,307956,313252,311639,340276,391970,403414,356837,323373,360696,286250,229995,193851,148754,141018
White: English/Welsh/Scottish/Northern Irish/British,east,4986170,281440,161102,104439,290143,62444,125907,114998,283391,270781,270548,309800,366914,382402,339782,309334,347866,276145,221205,186878,143637,137014
White: Irish,east,55573,1043,625,443,1191,247,498,575,1881,2423,2933,3598,4565,4717,4199,4513,4969,5023,4487,3641,2316,1686
White: Gypsy or Irish Traveller,east,8165,864,464,340,823,155,315,249,572,585,504,577,565,508,437,337,319,209,145,103,57,37
White: Other White,east,260286,19009,7938,4363,10504,1974,4242,4578,22112,39463,37654,26301,19926,15787,12419,9189,7542,4873,4158,3229,2744,2281
Mixed/multiple ethnic group: Total,east,112116,21307,10313,5794,14130,2695,5047,4420,9671,7943,6696,5509,5162,4348,2827,1707,1324,978,807,636,414,388
Mixed/multiple ethnic group: White and Black Caribbean,east,37222,6126,3227,1969,5258,1083,2117,1854,3703,2576,1775,1575,1655,1526,857,432,327,304,269,250,177,162
Mixed/multiple ethnic group: White and Black African,east,15388,3859,1685,848,1917,326,527,461,1009,958,1007,829,616,488,350,204,98,81,55,26,24,20
Mixed/multiple ethnic group: White and Asian,east,32226,6381,3150,1726,4102,753,1312,1203,2667,2150,1846,1502,1443,1211,816,550,434,284,243,204,119,130
Mixed/multiple ethnic group: Other Mixed,east,27280,4941,2251,1251,2853,533,1091,902,2292,2259,2068,1603,1448,1123,804,521,465,309,240,156,94,76
Asian/Asian British: Total,east,278372,24826,13643,8220,18759,3831,7858,7948,24458,28518,30804,27457,20767,15187,12991,10928,7765,4957,4331,2830,1468,826
Asian/Asian British: Indian,east,86736,6894,3448,1918,4437,874,1684,1756,6310,9296,10800,8805,6713,5425,4855,4217,3222,2126,1774,1193,590,399
Asian/Asian British: Pakistani,east,66270,8166,4529,2814,5913,1109,2174,1997,5511,7101,6929,5256,4086,2486,2341,2007,1128,782,886,603,319,133
Asian/Asian British: Bangladeshi,east,32992,3856,2324,1520,3282,654,1093,1019,2994,3382,3399,3057,2038,1209,930,736,356,291,462,261,95,34
Asian/Asian British: Chinese,east,33503,1463,835,463,1510,457,1227,1582,5397,3397,2965,2784,2346,2305,2044,1712,1239,636,505,320,196,120
Asian/Asian British: Other Asian,east,58871,4447,2507,1505,3617,737,1680,1594,4246,5342,6711,7555,5584,3762,2821,2256,1820,1122,704,453,268,140
Black/African/Caribbean/Black British: Total,east,117442,10470,5934,3215,8482,1748,3556,3727,8192,8977,11133,11543,12323,10911,6319,3508,1942,1705,1599,1265,570,323
Black/African/Caribbean/Black British: African,east,69925,7292,4164,2125,5539,1076,2254,2436,5176,5831,7833,7948,7309,5105,2750,1479,706,397,265,151,54,35
Black/African/Caribbean/Black British: Caribbean,east,33614,1352,892,592,1702,392,813,903,2121,2047,2251,2588,3687,4456,2901,1717,1045,1144,1231,1034,480,266
Black/African/Caribbean/Black British: Other Black,east,13903,1826,878,498,1241,280,489,388,895,1099,1049,1007,1327,1350,668,312,191,164,103,80,36,22
Other ethnic group: Total,east,28841,2310,1074,605,1421,304,653,728,2697,3953,3536,2866,2292,1841,1395,1110,839,439,332,196,153,97
Other ethnic group: Arab,east,10367,1022,474,230,507,95,202,266,1074,1806,1209,931,746,560,396,303,241,125,84,50,31,15
Other ethnic group: Any other ethnic group,east,18474,1288,600,375,914,209,451,462,1623,2147,2327,1935,1546,1281,999,807,598,314,248,146,122,82
All categories: Ethnic group,east midlands,4533222,270174,151534,96030,264538,56179,114815,124920,307676,278581,267803,291852,335883,340232,298725,269931,291401,232160,182553,146526,110043,101666
White: Total,east midlands,4046356,223000,126516,81060,227223,48668,99284,106417,257517,234862,225122,254125,302035,310924,274330,250958,278842,223443,174562,141013,106856,99599
White: English/Welsh/Scottish/Northern Irish/British,east midlands,3871146,211188,122006,78296,220535,47324,96622,102851,241567,208853,203299,239398,290375,300670,265382,243440,272588,218531,170148,137408,103782,96883
White: Irish,east midlands,28676,407,270,185,523,110,243,339,1025,1029,1192,1539,2045,2311,2216,2597,2829,2785,2529,2066,1431,1005
White: Gypsy or Irish Traveller,east midlands,3418,309,179,125,349,67,147,109,299,255,262,244,230,205,183,145,109,68,57,38,20,18
White: Other White,east midlands,143116,11096,4061,2454,5816,1167,2272,3118,14626,24725,20369,12944,9385,7738,6549,4776,3316,2059,1828,1501,1623,1693
Mixed/multiple ethnic group: Total,east midlands,86224,15015,7371,4193,10328,1987,4141,4289,9187,6539,5451,4206,3939,3258,2156,1259,847,706,481,355,299,217
Mixed/multiple ethnic group: White and Black Caribbean,east midlands,40404,6319,3273,1981,5129,1026,2214,2323,4641,3090,2458,1947,1839,1497,922,499,320,253,230,179,163,101
Mixed/multiple ethnic group: White and Black African,east midlands,8814,2017,883,476,926,155,314,323,742,562,639,448,398,344,230,133,106,52,34,13,13,6
Mixed/multiple ethnic group: White and Asian,east midlands,21688,4014,2020,1064,2647,499,1000,1047,2290,1630,1295,936,955,754,549,299,216,178,91,82,64,58
Mixed/multiple ethnic group: Other Mixed,east midlands,15318,2665,1195,672,1626,307,613,596,1514,1257,1059,875,747,663,455,328,205,223,126,81,59,52
Asian/Asian British: Total,east midlands,293423,22430,12462,7902,19842,4120,8472,10309,31649,27479,26872,23688,20774,17472,16591,14377,9779,6378,5583,3791,2079,1374
Asian/Asian British: Indian,east midlands,168928,11172,6160,3994,10544,2243,4628,5389,14877,15244,14857,12778,12247,11443,11626,10237,7274,4786,4075,2751,1542,1061
Asian/Asian British: Pakistani,east midlands,48940,5519,3096,2009,4414,832,1624,1723,4297,4856,4832,3978,3370,2062,1772,1543,846,593,653,500,265,156
Asian/Asian British: Bangladeshi,east midlands,13258,1548,933,631,1408,289,453,446,1219,1300,1364,1190,747,493,344,296,144,143,160,97,37,16
Asian/Asian British: Chinese,east midlands,24404,940,489,264,909,252,737,1425,7563,2583,1693,1496,1357,1287,1117,846,593,281,255,179,86,52
Asian/Asian British: Other Asian,east midlands,37893,3251,1784,1004,2567,504,1030,1326,3693,3496,4126,4246,3053,2187,1732,1455,922,575,440,264,149,89
Black/African/Caribbean/Black British: Total,east midlands,81484,7279,3993,2190,5760,1175,2337,3144,6740,6167,7096,7128,7403,7318,4628,2452,1378,1304,1697,1214,706,375
Black/African/Caribbean/Black British: African,east midlands,41768,4778,2488,1233,3221,668,1338,1953,3969,3869,5016,4688,3445,2233,1381,687,370,167,151,65,32,16
Black/African/Caribbean/Black British: Caribbean,east midlands,28913,1011,641,464,1456,304,638,855,2083,1615,1466,1771,2988,3924,2698,1559,907,1020,1440,1089,643,341
Black/African/Caribbean/Black British: Other Black,east midlands,10803,1490,864,493,1083,203,361,336,688,683,614,669,970,1161,549,206,101,117,106,60,31,18
Other ethnic group: Total,east midlands,25735,2450,1192,685,1385,229,581,761,2583,3534,3262,2705,1732,1260,1020,885,555,329,230,153,103,101
Other ethnic group: Arab,east midlands,9746,1192,592,339,555,76,221,276,1190,1455,1175,1009,628,380,241,190,114,52,27,15,8,11
Other ethnic group: Any other ethnic group,east midlands,15989,1258,600,346,830,153,360,485,1393,2079,2087,1696,1104,880,779,695,441,277,203,138,95,90
All categories: Ethnic group,london,8173941,591495,301095,181714,456865,93599,186626,191434,629972,832966,796888,664046,610020,556656,461290,371936,342590,256772,216286,176831,131830,123030
White: Total,london,4887435,276913,134682,82364,214872,44622,90141,96302,344807,503711,480942,395762,363562,343947,296134,253531,258915,193746,156899,135774,109583,110226
White: English/Welsh/Scottish/Northern Irish/British,london,3669284,209792,105766,65672,175011,36637,75358,78954,254358,316960,284932,257222,265445,271644,240716,209275,218685,161655,130221,115815,95953,99213
White: Irish,london,175974,3512,1788,1255,3236,764,1423,1543,7665,14417,14041,12299,14044,14225,12748,12957,14302,13849,11948,9418,6209,4331
White: Gypsy or Irish Traveller,london,8196,916,520,312,883,180,346,268,737,717,591,585,558,456,362,245,190,137,91,57,23,22
White: Other White,london,1033981,62693,26608,15125,35742,7041,13014,15537,82047,171617,181378,125656,83515,57622,42308,31054,25738,18105,14639,10484,7398,6660
Mixed/multiple ethnic group: Total,london,405279,73129,32671,18371,43212,8010,15546,14207,36914,38262,30931,23126,20205,16630,10855,6656,4705,3783,3127,2334,1514,1091
Mixed/multiple ethnic group: White and Black Caribbean,london,119425,19646,9670,5965,15113,3021,5865,5609,12515,10163,6964,5377,5625,4924,3075,1436,971,948,958,748,498,334
Mixed/multiple ethnic group: White and Black African,london,65479,12935,5710,3166,7022,1263,2357,1916,5067,5321,4887,4135,3644,2926,1914,1252,705,517,322,213,128,79
Mixed/multiple ethnic group: White and Asian,london,101500,19818,8306,4376,9604,1757,3395,3134,9334,10095,8027,5827,4909,4000,2505,1788,1350,1017,818,655,435,350
Mixed/multiple ethnic group: Other Mixed,london,118875,20730,8985,4864,11473,1969,3929,3548,9998,12683,11053,7787,6027,4780,3361,2180,1679,1301,1029,718,453,328
Asian/Asian British: Total,london,1511546,113941,61631,37273,90104,18572,37247,41343,143922,177492,169616,135627,105673,84828,77012,65554,48798,33835,30790,20955,10961,6372
Asian/Asian British: Indian,london,542857,32517,15644,9429,24177,5319,10915,12075,45758,69101,63827,45026,35803,32780,34254,30382,22844,16392,15324,11250,6242,3798
Asian/Asian British: Pakistani,london,223797,21738,12092,7325,16518,3246,6564,7120,21853,25062,23612,18175,15433,10859,9415,7573,5279,4200,4005,2307,975,446
Asian/Asian British: Bangladeshi,london,222127,23739,14538,9274,21090,4090,7450,7405,22838,24557,22943,18829,12895,8088,6766,5422,2978,2578,3404,2030,926,287
Asian/Asian British: Chinese,london,124250,5269,2301,1360,3825,905,2077,4004,20234,18770,16158,10913,7866,6788,6190,5784,4424,2475,2085,1439,789,594
Asian/Asian British: Other Asian,london,398515,30678,17056,9885,24494,5012,10241,10739,33239,40002,43076,42684,33676,26313,20387,16393,13273,8190,5972,3929,2029,1247
Black/African/Caribbean/Black British: Total,london,1088640,104683,59425,36207,90427,18630,35690,31537,80186,83309,84521,83189,97419,92531,63391,35753,22207,20179,21673,15181,8201,4301
Black/African/Caribbean/Black British: African,london,573931,61364,34416,19901,49390,10192,19215,17125,44680,47329,51463,50520,53043,42462,28686,15813,9965,7092,6179,3184,1309,603
Black/African/Caribbean/Black British: Caribbean,london,344597,19521,11947,7990,22319,5066,9998,9280,23361,22795,21594,22187,31088,37008,27702,16713,10275,11457,13805,10779,6321,3391
Black/African/Caribbean/Black British: Other Black,london,170112,23798,13062,8316,18718,3372,6477,5132,12145,13185,11464,10482,13288,13061,7003,3227,1967,1630,1689,1218,571,307
Other ethnic group: Total,london,281041,22829,12686,7499,18250,3765,8002,8045,24143,30192,30878,26342,23161,18720,13898,10442,7965,5229,3797,2587,1571,1040
Other ethnic group: Arab,london,106020,10795,6000,3321,7588,1390,2991,3206,9378,10803,10833,9754,8667,6648,4636,3333,2635,1637,1118,722,355,210
Other ethnic group: Any other ethnic group,london,175021,12034,6686,4178,10662,2375,5011,4839,14765,19389,20045,16588,14494,12072,9262,7109,5330,3592,2679,1865,1216,830
All categories: Ethnic group,north east,2596886,149843,83689,52610,145045,31250,63605,74585,184018,164303,151152,157149,183232,196020,181379,160945,168576,128511,110731,89861,65002,55380
White: Total,north east,2475567,136603,77190,48832,136318,29653,60442,70295,168418,151373,138760,146352,175072,190184,176846,157730,166362,127142,109506,88926,64456,55107
White: English/Welsh/Scottish/Northern Irish/British,north east,2431423,134098,76042,48135,134478,29314,59759,68964,163696,145497,133425,142418,171934,187486,174598,155899,164795,125781,108502,88225,63841,54536
White: Irish,north east,8035,127,75,58,178,36,60,228,860,641,513,468,481,537,575,609,616,581,501,385,284,222
White: Gypsy or Irish Traveller,north east,1684,149,101,62,167,26,73,68,153,135,109,125,127,95,78,63,59,34,33,14,6,7
White: Other White,north east,34425,2229,972,577,1495,277,550,1035,3709,5100,4713,3341,2530,2066,1595,1159,892,746,470,302,325,342
Mixed/multiple ethnic group: Total,north east,22449,3845,1797,976,2305,434,754,1003,2245,1706,1517,1203,1155,1037,749,463,395,255,206,177,138,89
Mixed/multiple ethnic group: White and Black Caribbean,north east,5938,595,358,213,606,114,210,259,597,418,363,315,391,392,285,180,190,119,93,88,97,55
Mixed/multiple ethnic group: White and Black African,north east,3549,847,349,178,342,61,104,141,268,261,275,182,146,133,118,57,36,12,11,14,10,4
Mixed/multiple ethnic group: White and Asian,north east,8022,1611,726,386,927,163,281,406,854,576,442,378,357,309,210,113,93,57,55,45,16,17
Mixed/multiple ethnic group: Other Mixed,north east,4940,792,364,199,430,96,159,197,526,451,437,328,261,203,136,113,76,67,47,30,15,13
Asian/Asian British: Total,north east,74599,6699,3454,2121,4978,915,1895,2438,11015,8338,7606,6894,5153,3567,2876,2194,1512,924,866,661,350,143
Asian/Asian British: Indian,north east,15817,1333,641,355,788,130,269,398,1740,1927,1822,1658,1166,852,668,598,538,324,261,204,99,46
Asian/Asian British: Pakistani,north east,19831,2186,1211,753,1754,331,600,642,1833,2059,2034,1637,1362,814,752,629,360,227,273,216,117,41
Asian/Asian British: Bangladeshi,north east,10972,1404,778,528,1210,230,435,382,989,1047,1014,913,656,456,337,224,101,82,89,63,31,3
Asian/Asian British: Chinese,north east,14284,693,248,133,368,87,233,620,4982,1850,1091,746,639,696,603,441,301,146,161,128,76,42
Asian/Asian British: Other Asian,north east,13695,1083,576,352,858,137,358,396,1471,1455,1645,1940,1330,749,516,302,212,145,82,50,27,11
Black/African/Caribbean/Black British: Total,north east,13220,1584,684,363,777,133,278,441,1189,1637,1877,1491,1068,650,436,230,135,74,81,53,26,13
Black/African/Caribbean/Black British: African,north east,10982,1328,576,290,669,118,240,369,990,1460,1690,1304,859,456,277,138,86,44,42,29,10,7
Black/African/Caribbean/Black British: Caribbean,north east,1193,33,22,16,34,4,16,45,110,101,115,115,141,131,112,63,35,24,35,21,15,5
Black/African/Caribbean/Black British: Other Black,north east,1045,223,86,57,74,11,22,27,89,76,72,72,68,63,47,29,14,6,4,3,1,1
Other ethnic group: Total,north east,11051,1112,564,318,667,115,236,408,1151,1249,1392,1209,784,582,472,328,172,116,72,44,32,28
Other ethnic group: Arab,north east,5850,758,390,220,400,61,142,211,605,613,616,607,358,313,207,124,92,47,33,20,17,16
Other ethnic group: Any other ethnic group,north east,5201,354,174,98,267,54,94,197,546,636,776,602,426,269,265,204,80,69,39,24,15,12
All categories: Ethnic group,north west,7052177,432091,241108,151058,412407,87884,177491,191462,489640,466582,429685,450049,514802,522351,465140,409628,439644,342240,285502,227350,167246,148817
White: Total,north west,6361716,353587,199547,126608,354949,76556,155437,167498,422049,399018,362589,393513,468061,487856,436908,389094,426485,333277,276761,221173,163882,146868
White: English/Welsh/Scottish/Northern Irish/British,north west,6141069,341842,194527,123579,347499,75089,152556,163049,402719,369263,336798,375923,453681,474868,425210,378692,416204,324454,268827,214660,158984,142645
White: Irish,north west,64930,908,509,397,1083,223,454,1021,3528,3468,3488,3384,3822,4309,4673,5298,6321,6203,5707,4727,3088,2319
White: Gypsy or Irish Traveller,north west,4147,433,251,127,355,69,153,123,379,357,312,267,282,285,214,167,128,86,74,44,25,16
White: Other White,north west,151570,10404,4260,2505,6012,1175,2274,3305,15423,25930,21991,13939,10276,8394,6811,4937,3832,2534,2153,1742,1785,1888
Mixed/multiple ethnic group: Total,north west,110891,18897,9043,5130,12584,2533,4756,4775,11102,8785,6860,5709,5738,4965,3222,2020,1577,1100,722,589,440,344
Mixed/multiple ethnic group: White and Black Caribbean,north west,39204,5283,2801,1766,4848,1026,1969,1964,4259,3067,2230,1987,2162,1984,1205,687,575,420,323,269,210,169
Mixed/multiple ethnic group: White and Black African,north west,18392,3719,1630,814,1824,321,643,649,1543,1366,1272,1017,945,828,653,438,274,195,107,71,54,29
Mixed/multiple ethnic group: White and Asian,north west,30529,6020,2825,1585,3634,706,1310,1330,3104,2179,1681,1428,1441,1215,675,423,349,205,132,127,82,78
Mixed/multiple ethnic group: Other Mixed,north west,22766,3875,1787,965,2278,480,834,832,2196,2173,1677,1277,1190,938,689,472,379,280,160,122,94,68
Asian/Asian British: Total,north west,437485,44949,24854,15250,34998,6841,13477,14681,44748,44378,44411,37537,29230,20247,18568,14792,9246,6016,6062,4092,2017,1091
Asian/Asian British: Indian,north west,107353,9553,5389,3126,7330,1401,2707,3205,9085,10647,11318,10165,7812,5826,5428,4758,3186,2120,1957,1337,631,372
Asian/Asian British: Pakistani,north west,189436,22345,12569,7883,17566,3282,6455,6299,16702,19354,19254,14398,11853,7608,7369,5845,3367,2208,2378,1566,759,376
Asian/Asian British: Bangladeshi,north west,45897,5852,3474,2268,4925,1011,1915,1678,4283,4373,4427,3723,2427,1358,1212,930,474,458,618,329,115,47
Asian/Asian British: Chinese,north west,48049,2758,1184,733,1995,538,1159,2038,10457,5318,4060,3412,3099,2991,2542,1846,1296,698,724,617,364,220
Asian/Asian British: Other Asian,north west,46750,4441,2238,1240,3182,609,1241,1461,4221,4686,5352,5839,4039,2464,2017,1413,923,532,385,243,148,76
Black/African/Caribbean/Black British: Total,north west,97869,9947,5351,2770,7014,1456,2709,3087,7617,8710,10111,8980,8797,7157,4675,2510,1570,1375,1636,1268,724,405
Black/African/Caribbean/Black British: African,north west,59278,6885,3514,1794,4613,944,1770,1982,4979,5912,7565,6375,4981,3099,2010,1042,693,413,351,181,88,87
Black/African/Caribbean/Black British: Caribbean,north west,23131,837,595,325,1010,240,469,617,1574,1541,1335,1548,2432,2848,2039,1199,693,832,1142,979,595,281
Black/African/Caribbean/Black British: Other Black,north west,15460,2225,1242,651,1391,272,470,488,1064,1257,1211,1057,1384,1210,626,269,184,130,143,108,41,37
Other ethnic group: Total,north west,44216,4711,2313,1300,2862,498,1112,1421,4124,5691,5714,4310,2976,2126,1767,1212,766,472,321,228,183,109
Other ethnic group: Arab,north west,24528,3120,1565,845,1745,296,659,865,2472,2926,2826,2198,1526,1096,891,580,333,194,165,119,78,29
Other ethnic group: Any other ethnic group,north west,19688,1591,748,455,1117,202,453,556,1652,2765,2888,2112,1450,1030,876,632,433,278,156,109,105,80
All categories: Ethnic group,south east,8634750,534235,299327,188731,512875,106916,217612,217156,534287,528057,538471,578011,644796,653258,567834,495765,535399,424290,339405,282391,218727,217207
White: Total,south east,7827820,447401,254619,163201,450089,94572,191807,190050,466057,454354,457784,505723,583284,605736,531867,469340,516470,411429,328624,275401,215114,214898
White: English/Welsh/Scottish/Northern Irish/British,south east,7358998,420966,242686,156071,432135,90979,184761,181420,432183,396557,397652,458279,544400,573325,506264,448808,497364,396090,315945,266174,208346,208593
White: Irish,south east,73571,1321,799,542,1540,339,626,776,2741,3171,3850,4834,6365,6755,5791,5694,6383,6279,5772,4460,3008,2525
White: Gypsy or Irish Traveller,south east,14542,1584,859,501,1447,310,578,493,1131,1022,938,957,1007,1006,800,547,477,309,249,169,91,67
White: Other White,south east,380709,23530,10275,6087,14967,2944,5842,7361,30002,53604,55344,41653,31512,24650,19012,14291,12246,8751,6658,4598,3669,3713
Mixed/multiple ethnic group: Total,south east,167764,31296,15543,8455,20478,3857,7530,6897,14298,11359,9632,8486,8071,6880,4433,2894,2333,1855,1334,967,626,540
Mixed/multiple ethnic group: White and Black Caribbean,south east,45980,7335,3842,2319,6338,1225,2398,2394,4648,3094,2337,2106,2153,1951,1124,626,555,422,416,295,208,194
Mixed/multiple ethnic group: White and Black African,south east,22825,5514,2462,1252,2802,470,840,760,1532,1351,1281,1095,1016,807,639,398,237,146,90,66,44,23
Mixed/multiple ethnic group: White and Asian,south east,58764,11770,6094,3153,7150,1358,2757,2326,4727,3682,2980,2656,2674,2279,1451,984,826,680,457,338,230,192
Mixed/multiple ethnic group: Other Mixed,south east,40195,6677,3145,1731,4188,804,1535,1417,3391,3232,3034,2629,2228,1843,1219,886,715,607,371,268,144,131
Asian/Asian British: Total,south east,452042,38794,20367,11885,29500,5902,13036,13912,39281,46132,51393,45354,35808,26034,21705,17413,12622,8001,6970,4481,2194,1258
Asian/Asian British: Indian,south east,152132,12750,6227,3369,7955,1486,3024,3581,10500,16232,19503,16001,12322,9313,8076,6740,4939,3468,2994,1978,1046,628
Asian/Asian British: Pakistani,south east,99246,11862,6396,3961,8534,1550,3077,2966,8224,10621,10789,7881,6284,4001,3787,3174,1835,1230,1410,1041,431,192
Asian/Asian British: Bangladeshi,south east,27951,3012,1820,1168,2712,464,884,925,2530,3176,3010,2602,1936,1127,939,548,306,225,306,168,62,31
Asian/Asian British: Chinese,south east,53061,2261,1081,689,2459,767,2293,2988,8121,5378,4850,4398,3796,3551,3212,2626,1874,925,843,536,256,157
Asian/Asian British: Other Asian,south east,119652,8909,4843,2698,7840,1635,3758,3452,9906,10725,13241,14472,11470,8042,5691,4325,3668,2153,1417,758,399,250
Black/African/Caribbean/Black British: Total,south east,136013,12779,6644,3792,9860,2019,3930,4605,10053,10931,14012,13333,13673,11313,7127,3977,2379,1916,1723,1092,543,312
Black/African/Caribbean/Black British: African,south east,87345,9464,4826,2648,6913,1438,2785,3250,6722,7643,10454,9627,8577,5749,3359,1803,977,476,317,180,79,58
Black/African/Caribbean/Black British: Caribbean,south east,34225,1291,834,563,1709,341,696,952,2432,2352,2460,2546,3735,4268,3073,1799,1156,1255,1283,825,422,233
Black/African/Caribbean/Black British: Other Black,south east,14443,2024,984,581,1238,240,449,403,899,936,1098,1160,1361,1296,695,375,246,185,123,87,42,21
Other ethnic group: Total,south east,51111,3965,2154,1398,2948,566,1309,1692,4598,5281,5650,5115,3960,3295,2702,2141,1595,1089,754,450,250,199
Other ethnic group: Arab,south east,19363,1925,979,631,995,206,406,736,2039,2182,2084,1775,1395,1076,825,647,544,407,239,148,66,58
Other ethnic group: Any other ethnic group,south east,31748,2040,1175,767,1953,360,903,956,2559,3099,3566,3340,2565,2219,1877,1494,1051,682,515,302,184,141
All categories: Ethnic group,south west,5288935,296094,166138,106551,296892,64003,128935,135139,333166,307159,296791,322364,375538,389583,350433,323198,361507,297440,235462,195666,153093,153783
White: Total,south west,5046429,269519,152930,98996,277976,60096,120966,125725,308910,284671,273679,301822,358162,375468,340034,316209,356634,293914,232516,193405,151842,152955
White: English/Welsh/Scottish/Northern Irish/British,south west,4855676,258830,148430,96243,270961,58694,118116,122127,294114,257638,248963,284555,344173,363565,329818,307631,348695,287637,227378,189563,148718,149827
White: Irish,south west,28616,433,283,220,532,124,234,354,1086,1194,1432,1659,2173,2414,2169,2341,2728,2599,2347,1825,1299,1170
White: Gypsy or Irish Traveller,south west,5631,520,311,172,529,101,216,181,447,410,394,412,437,414,310,207,186,156,105,67,32,24
White: Other White,south west,156506,9736,3906,2361,5954,1177,2400,3063,13263,25429,22890,15196,11379,9075,7737,6030,5025,3522,2686,1950,1793,1934
Mixed/multiple ethnic group: Total,south west,71884,12090,5903,3312,8242,1608,3040,3239,7178,5447,4402,3758,3509,3076,2077,1339,1087,921,578,492,312,274
Mixed/multiple ethnic group: White and Black Caribbean,south west,25669,4059,2031,1221,3204,643,1275,1368,2807,1886,1347,1174,1152,1053,739,390,320,313,235,203,126,123
Mixed/multiple ethnic group: White and Black African,south west,8550,1909,842,422,1016,165,324,298,692,574,557,461,382,302,209,151,88,74,35,24,18,7
Mixed/multiple ethnic group: White and Asian,south west,21410,3678,1765,1044,2491,498,918,954,2186,1477,1198,1080,1092,953,609,403,333,247,172,146,83,83
Mixed/multiple ethnic group: Other Mixed,south west,16255,2444,1265,625,1531,302,523,619,1493,1510,1300,1043,883,768,520,395,346,287,136,119,85,61
Asian/Asian British: Total,south west,105537,7954,4218,2534,6462,1484,3122,4113,11903,10887,11807,10880,8513,6133,4954,3662,2515,1521,1286,883,444,262
Asian/Asian British: Indian,south west,34188,3105,1557,809,1785,321,595,952,2790,3962,4463,3628,2700,1988,1666,1281,853,569,482,382,183,117
Asian/Asian British: Pakistani,south west,11622,1276,756,468,986,173,295,335,1084,1272,1233,1025,829,484,398,327,187,165,185,91,38,15
Asian/Asian British: Bangladeshi,south west,8416,940,506,348,798,174,246,258,805,888,943,834,573,365,298,175,70,69,71,38,7,10
Asian/Asian British: Chinese,south west,22243,831,407,284,978,397,1185,1654,4610,2144,1770,1567,1453,1375,1076,877,625,324,301,198,117,70
Asian/Asian British: Other Asian,south west,29068,1802,992,625,1915,419,801,914,2614,2621,3398,3826,2958,1921,1516,1002,780,394,247,174,99,50
Black/African/Caribbean/Black British: Total,south west,49476,5171,2464,1406,3427,675,1463,1571,3760,4286,4790,4276,4236,4069,2559,1387,839,792,888,764,424,229
Black/African/Caribbean/Black British: African,south west,24226,3021,1392,771,1846,357,867,945,2126,2421,3025,2514,1879,1236,789,409,259,165,113,48,27,16
Black/African/Caribbean/Black British: Caribbean,south west,15129,567,367,261,603,148,280,349,997,1068,982,1050,1483,1990,1366,786,461,517,685,606,364,199
Black/African/Caribbean/Black British: Other Black,south west,10121,1583,705,374,978,170,316,277,637,797,783,712,874,843,404,192,119,110,90,110,33,14
Other ethnic group: Total,south west,15609,1360,623,303,785,140,344,491,1415,1868,2113,1628,1118,837,809,601,432,292,194,122,71,63
Other ethnic group: Arab,south west,5692,582,277,134,227,47,127,217,598,709,738,602,372,273,239,195,149,93,62,28,15,8
Other ethnic group: Any other ethnic group,south west,9917,778,346,169,558,93,217,274,817,1159,1375,1026,746,564,570,406,283,199,132,94,56,55
All categories: Ethnic group,wales,3063456,178301,99429,63650,177748,37168,77111,84841,211924,185728,174694,183045,213155,220711,201599,186923,204885,166007,134543,108202,79232,74560
White: Total,wales,2928253,164198,92154,59592,167748,35205,72965,79925,196134,172335,161605,171425,203712,213580,195979,183026,202211,164041,132727,107030,78597,74064
White: English/Welsh/Scottish/Northern Irish/British,wales,2855450,160034,90344,58491,164981,34736,71862,78354,189814,162726,152947,165400,198616,209030,191925,179601,199115,161535,130670,105291,77146,72832
White: Irish,wales,14086,152,115,90,247,46,83,269,788,789,873,823,922,1048,967,1169,1341,1244,1106,939,601,474
White: Gypsy or Irish Traveller,wales,2785,347,141,103,271,50,116,97,247,202,176,168,202,181,136,91,75,66,52,35,16,13
White: Other White,wales,55932,3665,1554,908,2249,373,904,1205,5285,8618,7609,5034,3972,3321,2951,2165,1680,1196,899,765,834,745
Mixed/multiple ethnic group: Total,wales,31521,4549,2214,1217,3342,662,1395,1471,3264,2402,1976,1625,1728,1589,1131,817,613,529,373,290,179,155
Mixed/multiple ethnic group: White and Black Caribbean,wales,11099,1270,668,391,1224,260,510,603,1152,837,621,614,672,613,420,297,267,219,165,136,77,83
Mixed/multiple ethnic group: White and Black African,wales,4424,905,348,174,437,83,183,167,382,295,277,222,191,192,189,130,68,83,38,22,24,14
Mixed/multiple ethnic group: White and Asian,wales,9019,1462,743,381,1016,183,425,447,1044,647,550,410,431,433,257,188,119,82,76,56,38,31
Mixed/multiple ethnic group: Other Mixed,wales,6979,912,455,271,665,136,277,254,686,623,528,379,434,351,265,202,159,145,94,76,40,27
Asian/Asian British: Total,wales,70128,6422,3373,1932,4550,894,1819,2284,9205,7160,7242,6853,5215,3438,3029,2221,1493,981,1038,567,258,154
Asian/Asian British: Indian,wales,17256,1569,680,349,685,133,246,465,2237,2142,2081,1816,1262,827,708,604,494,368,311,155,78,46
Asian/Asian British: Pakistani,wales,12229,1308,761,445,1047,215,386,400,1120,1153,1221,947,872,522,564,451,212,175,241,127,42,20
Asian/Asian British: Bangladeshi,wales,10687,1262,731,466,1104,186,362,384,1039,1041,1089,915,655,424,354,229,117,96,120,71,25,17
Asian/Asian British: Chinese,wales,13638,888,310,209,559,149,419,573,3342,1544,1111,928,819,736,700,461,330,153,163,139,63,42
Asian/Asian British: Other Asian,wales,16318,1395,891,463,1155,211,406,462,1467,1280,1740,2247,1607,929,703,476,340,189,203,75,50,29
Black/African/Caribbean/Black British: Total,wales,18276,1503,798,464,1210,237,538,628,1737,2021,2060,1654,1526,1353,833,452,287,244,279,216,120,116
Black/African/Caribbean/Black British: African,wales,11887,1104,542,299,842,173,384,432,1338,1617,1566,1204,897,577,363,182,133,65,70,39,26,34
Black/African/Caribbean/Black British: Caribbean,wales,3809,81,86,55,139,27,61,114,214,187,275,299,434,573,360,200,108,136,178,146,77,59
Black/African/Caribbean/Black British: Other Black,wales,2580,318,170,110,229,37,93,82,185,217,219,151,195,203,110,70,46,43,31,31,17,23
Other ethnic group: Total,wales,15278,1629,890,445,898,170,394,533,1584,1810,1811,1488,974,751,627,407,281,212,126,99,78,71
Other ethnic group: Arab,wales,9615,1161,652,312,556,108,238,393,1099,1098,1060,850,576,421,372,248,147,115,80,53,45,31
Other ethnic group: Any other ethnic group,wales,5663,468,238,133,342,62,156,140,485,712,751,638,398,330,255,159,134,97,46,46,33,40
All categories: Ethnic group,west midlands,5601847,354801,200808,126252,340758,71823,146021,151468,380909,363286,343295,360103,406247,404030,351121,319685,335265,279804,225885,181119,135875,123292
White: Total,west midlands,4633669,251297,142900,91820,257920,55674,113446,117840,292541,274200,255970,284173,339302,351063,310844,287912,314746,264808,210428,169073,128635,119077
White: English/Welsh/Scottish/Northern Irish/British,west midlands,4434333,239504,138143,88926,250840,54221,110522,113749,275343,247799,233304,268737,326840,339505,300699,279082,306035,256905,202726,162597,123669,115187
White: Irish,west midlands,55216,757,488,370,1083,221,514,614,1588,1789,1840,2493,3294,4010,4122,4547,5373,5723,5758,4932,3382,2318
White: Gypsy or Irish Traveller,west midlands,4734,490,253,187,466,110,172,129,375,328,354,326,316,300,232,208,159,129,86,63,29,22
White: Other White,west midlands,139386,10546,4016,2337,5531,1122,2238,3348,15235,24284,20472,12617,8852,7248,5791,4075,3179,2051,1858,1481,1555,1550
Mixed/multiple ethnic group: Total,west midlands,131714,24402,12130,6742,16994,3342,6712,6502,13574,9857,7042,5695,5524,4888,2854,1568,1137,829,664,563,384,311
Mixed/multiple ethnic group: White and Black Caribbean,west midlands,68533,11050,5782,3451,9373,1938,3961,3693,7931,5388,3539,2869,2882,2631,1443,638,459,376,385,323,244,177
Mixed/multiple ethnic group: White and Black African,west midlands,9232,2220,940,411,960,142,326,345,701,668,609,573,377,336,265,146,64,69,35,17,13,15
Mixed/multiple ethnic group: White and Asian,west midlands,32561,6940,3347,1837,4167,791,1508,1575,3025,2174,1612,1262,1322,1074,646,446,336,187,102,100,49,61
Mixed/multiple ethnic group: Other Mixed,west midlands,21388,4192,2061,1043,2494,471,917,889,1917,1627,1282,991,943,847,500,338,278,197,142,123,78,58
Asian/Asian British: Total,west midlands,604435,57720,33611,20783,48875,9347,18844,19702,56706,59861,60031,51698,41912,28460,25028,22961,15210,10155,9626,7216,4236,2453
Asian/Asian British: Indian,west midlands,218439,14775,8511,5085,13264,2794,5489,6385,19171,21718,22013,19069,17201,13451,12015,11709,8571,5577,4919,3442,1982,1298
Asian/Asian British: Pakistani,west midlands,227248,27576,16356,10502,22773,4018,8138,7576,18801,22024,22293,17533,14155,7771,7381,6788,3551,2524,2826,2457,1476,729
Asian/Asian British: Bangladeshi,west midlands,52477,6474,4102,2514,5938,1089,1963,1893,4464,5007,4947,4465,2942,1805,1311,1088,611,506,706,406,185,61
Asian/Asian British: Chinese,west midlands,31274,1897,679,385,1233,353,1026,1521,7863,3728,2668,2178,1711,1652,1367,985,692,415,361,277,166,117
Asian/Asian British: Other Asian,west midlands,74997,6998,3963,2297,5667,1093,2228,2327,6407,7384,8110,8453,5903,3781,2954,2391,1785,1133,814,634,427,248
Black/African/Caribbean/Black British: Total,west midlands,182125,16129,9422,5389,13447,2798,5520,5882,13462,13832,14714,14007,16437,17208,10476,5490,3008,3200,4511,3721,2252,1220
Black/African/Caribbean/Black British: African,west midlands,64253,8346,4148,2187,5278,1100,2018,2473,5578,6133,7865,6892,5176,3046,1886,920,492,292,221,106,59,37
Black/African/Caribbean/Black British: Caribbean,west midlands,86794,4077,2890,1840,4982,1117,2325,2338,5638,5438,4873,5252,8306,10708,7151,4192,2291,2663,4038,3462,2086,1127
Black/African/Caribbean/Black British: Other Black,west midlands,31078,3706,2384,1362,3187,581,1177,1071,2246,2261,1976,1863,2955,3454,1439,378,225,245,252,153,107,56
Other ethnic group: Total,west midlands,49904,5253,2745,1518,3522,662,1499,1542,4626,5536,5538,4530,3072,2411,1919,1754,1164,812,656,546,368,231
Other ethnic group: Arab,west midlands,18079,2543,1327,738,1607,252,545,598,2045,2060,1845,1322,863,697,451,367,193,156,118,186,112,54
Other ethnic group: Any other ethnic group,west midlands,31825,2710,1418,780,1915,410,954,944,2581,3476,3693,3208,2209,1714,1468,1387,971,656,538,360,256,177
All categories: Ethnic group,yorkshire and the humber,5283733,328447,182818,114657,306096,65774,130943,151928,382679,347304,321328,337891,382902,381984,343804,305278,325329,252608,211241,170823,125598,114301
White: Total,yorkshire and the humber,4691956,259846,146134,92876,255714,56138,111796,130348,322435,288351,263789,290175,343922,355108,321845,288435,315326,245692,203855,165126,122417,112628
White: English/Welsh/Scottish/Northern Irish/British,yorkshire and the humber,4531137,249032,141777,90295,249435,54946,109217,126799,306286,263914,243768,276607,333610,346268,314142,282156,309924,241384,199873,161924,119725,110055
White: Irish,yorkshire and the humber,26410,368,271,162,487,95,209,405,1224,1212,1260,1432,1828,1914,1954,2304,2555,2459,2306,1823,1200,942
White: Gypsy or Irish Traveller,yorkshire and the humber,4378,460,281,180,412,71,145,130,371,380,369,286,306,278,195,155,131,87,65,39,20,17
White: Other White,yorkshire and the humber,130031,9986,3805,2239,5380,1026,2225,3014,14554,22845,18392,11850,8178,6648,5554,3820,2716,1762,1611,1340,1472,1614
Mixed/multiple ethnic group: Total,yorkshire and the humber,84558,15266,7276,4145,9775,1824,3741,4042,8848,6561,4979,4096,4220,3574,2087,1247,868,618,490,413,272,216
Mixed/multiple ethnic group: White and Black Caribbean,yorkshire and the humber,33241,4794,2620,1557,4232,864,1741,1882,3835,2695,1658,1507,1711,1574,800,397,368,251,255,250,132,118
Mixed/multiple ethnic group: White and Black African,yorkshire and the humber,9321,2420,942,428,845,145,269,321,743,714,635,470,388,358,281,165,61,54,35,21,13,13
Mixed/multiple ethnic group: White and Asian,yorkshire and the humber,26008,5138,2469,1450,3159,537,1133,1149,2651,1780,1468,1208,1317,960,568,366,228,149,107,63,56,52
Mixed/multiple ethnic group: Other Mixed,yorkshire and the humber,15988,2914,1245,710,1539,278,598,690,1619,1372,1218,911,804,682,438,319,211,164,93,79,71,33
Asian/Asian British: Total,yorkshire and the humber,385964,41472,23293,14445,32622,6271,12188,13482,40239,40138,39331,32021,24654,14966,14372,12525,7408,4714,5075,3722,2003,1023
Asian/Asian British: Indian,yorkshire and the humber,69252,5552,2923,1815,4278,848,1614,2097,6709,7674,7668,6176,4927,3600,3461,3161,2341,1532,1276,834,501,265
Asian/Asian British: Pakistani,yorkshire and the humber,225892,27586,16100,10165,22126,4153,7879,7660,19251,22667,22323,17293,13750,7482,7790,6947,3590,2223,2906,2262,1154,585
Asian/Asian British: Bangladeshi,yorkshire and the humber,22424,2926,1713,1154,2547,492,823,763,2069,2108,2218,1844,1166,639,511,450,248,187,281,178,90,17
Asian/Asian British: Chinese,yorkshire and the humber,28435,1650,586,286,939,259,771,1592,8401,3430,2206,1787,1493,1403,1163,892,553,340,290,207,116,71
Asian/Asian British: Other Asian,yorkshire and the humber,39961,3758,1971,1025,2732,519,1101,1370,3809,4259,4916,4921,3318,1842,1447,1075,676,432,322,241,142,85
Black/African/Caribbean/Black British: Total,yorkshire and the humber,80345,7304,3801,2053,5245,1059,2269,2806,6957,7071,7916,7516,7273,6742,4096,2066,1131,1243,1503,1300,670,324
Black/African/Caribbean/Black British: African,yorkshire and the humber,46033,5185,2461,1327,3315,674,1406,1803,4557,4918,5992,5258,3673,2342,1465,710,352,237,161,108,56,33
Black/African/Caribbean/Black British: Caribbean,yorkshire and the humber,23420,738,490,358,1117,225,499,642,1552,1375,1153,1450,2527,3235,2100,1180,674,899,1248,1119,574,265
Black/African/Caribbean/Black British: Other Black,yorkshire and the humber,10892,1381,850,368,813,160,364,361,848,778,771,808,1073,1165,531,176,105,107,94,73,40,26
Other ethnic group: Total,yorkshire and the humber,40910,4559,2314,1138,2740,482,949,1250,4200,5183,5313,4083,2833,1594,1404,1005,596,341,318,262,236,110
Other ethnic group: Arab,yorkshire and the humber,21340,2805,1521,734,1632,274,535,772,2430,2578,2230,1816,1411,741,647,397,218,140,139,149,118,53
Other ethnic group: Any other ethnic group,yorkshire and the humber,19570,1754,793,404,1108,208,414,478,1770,2605,3083,2267,1422,853,757,608,378,201,179,113,118,57